{
  "user": "default",
  "timestamp": "2026-02-18 11:57:45",
  "num_points": 9,
  "screen_w": 1920,
  "screen_h": 1080,
  "affine_matrix": [
    [
      23.121182864303844,
      4.2634141921434505,
      -20433.220206489234
    ],
    [
      -3.0989546742967287,
      5.4222838997178116,
      1246.025131003537
    ]
  ],
  "mean_error_px": 210.1654983171274,
  "max_error_px": 505.8399521812816,
  "estimated_kappa_deg": 3.613848141886579,
  "avg_offset_xy": [
    -101.2275035561285,
    -179.40067558793328
  ],
  "raw_gaze_points": [
    [
      862.2767461854453,
      302.0485614471922
    ],
    [
      871.8046967969395,
      296.90629576754884
    ],
    [
      892.9432458002495,
      310.8690528676499
    ],
    [
      822.6673583183816,
      332.18191617729696
    ],
    [
      851.6317063204403,
      356.4434405313652
    ],
    [
      871.5442302090669,
      370.80971955311475
    ],
    [
      830.299366382463,
      408.1413198503337
    ],
    [
      847.7253441851085,
      442.6856823498634
    ],
    [
      878.0597737967489,
      425.3079311642357
    ]
  ],
  "true_target_points": [
    [
      288.0,
      162.0
    ],
    [
      960.0,
      162.0
    ],
    [
      1632.0,
      162.0
    ],
    [
      288.0,
      540.0
    ],
    [
      960.0,
      540.0
    ],
    [
      1632.0,
      540.0
    ],
    [
      288.0,
      918.0
    ],
    [
      960.0,
      918.0
    ],
    [
      1632.0,
      918.0
    ]
  ]
}